name,description,category,provider,location,image_url
KOE,"​ 10% de descuento en planes contado.8% de descuento en planes crédito. No acumulables con otras promocionesPreparación para una prueba internacional (toefl, toeic, ilts o b2 first de cambridge)Talleres presenciales u onlineBeca familiar gratuita por contratoProgramas de enseñanza y aprendizaje del idioma Inglés en horarios programables de libre elección con asistencia de 2 veces a la semana, pudiendo ser virtual de lunes a viernes de 8.00 am a 9.00 pm – sábado y domingo de 9.00 am a 4.00 pm y presencial de Lunes a viernes de 12.00 pm a 9.00 pm – sábado de 10.00 am a 2.00 pm.El usuario tiene acceso a sesiones presenciales, virtuales o mixtas en tiempo real; en caso de las clases presenciales podrá asistir a cualquiera de las sedes de KOE, ubicadas en Huefanos 1117, of 414, Santiago centro - Apoquindo 2930 piso 13, Las Condes - Libertad 798 piso 6 oficina 602, Viña del Mar.Acreditando pertenencia a Universidad Mayor, con un certificado de alumno regular o pantallazo del perfil del Mundo Mayor.Contacto: Myriam Andrea Espejo Quilobrán / Ejecutiva Convenio / +56978078604 / myriam.espejo@gmail.com o myriam.espejo@koe.lawww.koe.cl",Cursos,Universidad Mayor,Sin ubicación,
CLUB FOTOGRAFÍA,"​10% de descuento en cualquiera de nuestros cursos individuales.Pago solo vía transferencia electrónica.Para canjearlo deben hacer la reserva desde la web usando el código de descuentoMICLUBMAYOR. Acreditando pertenencia a Universidad Mayor, con un certificado de alumno regular o pantallazo del perfil del Mundo Mayor.www.clubdefotografia.cl",Cursos,Universidad Mayor,Sin ubicación,
JUNTOS AL VOLANTE,​10 % sobre el total de la compra en los siguientes cursos:Curso normal auto manualCurso normal auto automáticoCurso a domicilioCurso intensivoAdicional al curso contratado se le otorgará una clase práctica adicional. No acumulables con otras promociones.SUCURSAL VITACURAAvenida san patricio 4298 oficina 11 piso 3SUCURSAL LAS CONDESAvenida apoquindo 4900 local 26 piso 1SUCURSAL HUECHURABAAvenida pedro fontova 7280 oficina 215 piso 2www.juntosalvolante.cl,Cursos,Universidad Mayor,Sin ubicación,
ESCUELA DE CONDUCTORES SAN LUIS ​,"​10 % sobre el total de la compra en los siguientes cursos:Curso normal auto manualCurso normal auto automáticoCurso a domicilioCurso intensivoAdicional al curso contratado se le otorgará una clase práctica adicional.No acumulables con otras promociones.Sucursal Metro ÑuñoaAv. Pedro de Valdivia # 3474, Local 43-B, Tercer Nivel, Mall Caracol, Metro ÑuñoaSucursal Metro IrarrázavalAvda. Matta 060 local 10www.edcsanluis.cl",Cursos,Universidad Mayor,Sin ubicación,
COLOR ASTRAL,"​20% de descuento en taller experimental de ceramica.10% en taller intensivo o workshop de tazas.Acreditando pertenencia a Universidad Mayor, con un certificado de alumno regular o pantallazo del perfil de Intranet (App Mundo Mayor) al correocolorastral@gmail.comwww.instagram.com/colorastralInfo Talleres.pdf",Cursos,Universidad Mayor,Sin ubicación,
CHILESCALANDO,​25% de descuento en los servicios de:Curso de iniciación en escalada deportiva en monolargo.Experiencia de escalada en roca.Más información con: Víctor Sáez / +569 8598 0467IG@chilescalandoRevisa los cursos aquí:Curso de escalada​Curso Top-rope y desequiparExperiencia de escaladaTécnicas de autorescate,Cursos,Universidad Mayor,Sin ubicación,
Librería Nacional,"Obtiene un 20% de descuento, válido para tiendas físicas y compras a través de la web.Para compras online, utiliza el códigouniversidad_mayorPara descuento en tiendas físicas, debes mostrar tu credencial de la App Mundo Mayor.Promoción válida del 01 de junio hasta el 31 de julio.",Tiendas y Servicios,Universidad Mayor,Sin ubicación,
ESTACIONAMIENTO ZENIT,"Ticket diario U. Mayor a $ 4.000 IVA incluido, para la jornada completaAbono Mensual 24/7 a $85.000 IVA incluido, mes completo.Eliodoro Yáñez 1250, Providencia",Tiendas y Servicios,Universidad Mayor,Sin ubicación,
M3STORAGE,"20% descuento los primeros 3 meses en arriendo de bodegas (No acumulables con otras promociones y sujeto a disponibilidad) Esto sobre el precio o valores referenciales de lista para el público consumidor.Utilizando el cupón de descuento “UMAYORM3” a través de la página web. O comunicándose directamente al +56 9 8617 4925 para solicitar el arriendo de bodega acreditando pertenencia a Universidad Mayor, con un certificado de alumno regular o pantallazo del perfil de Intranet (App Mundo Mayor).https://m3storage.cl/",Tiendas y Servicios,Universidad Mayor,Sin ubicación,
BIKEFIX,"5% en accesorios de repuestos.5% de descuento en compra de bicicletas cualquier medio de pago, no es acumulable con otras promociones.Enviar copia del certificado de alumno regular al correo bikefixchile@gmail.comwww.bikefix.cl/",Tiendas y Servicios,Universidad Mayor,Sin ubicación,
CLETA SOS,"15% de descuento en todos los servicios de mantención de bicicletas utilizando el código ""umayor"" al agendarlo por la web.Acreditando pertenencia a Universidad Mayor, con un certificado de alumno regular o pantallazo del perfil de la App Mundo Mayor.cleta1.sos@gmail.comwww.cletaSOS.cl",Tiendas y Servicios,Universidad Mayor,Sin ubicación,
VIÑA CASA DONOSO,"Entre 20 y 50% en vinos y productos.10% de descuento en actividades enológicas (Visitas guiadas, tour, etc) en sucursal Talca. 10% de descuento en arriendo de Instalaciones para eventos corporativos.Maria Jose Torres+56 9 5684 5204mariajose.torres.anc@gmail.comwww.instagram.com/vinacasadonoso/",Tiendas y Servicios,Universidad Mayor,Sin ubicación,
VIÑA SUTIL,"40% de descuento sobre el precio de lista de los productos comercializados por TWG a través de la plataforma utilizando el código de descuento “UMAYOR2025”, cuyo uso es ilimitado y se mantendrá vigente hasta el 1º de marzo de 2026.www.bardecopas.cl",Tiendas y Servicios,Universidad Mayor,Sin ubicación,
OTIUM,"20% de descuentoacreditando pertenencia a Universidad Mayor, con un certificado de alumno regular o pantallazo del perfil de del Mundo Mayor en las tiendas presenciales o genera un cupón de descuento vía DM en su cuenta de Instagram.⁣⁣www.instagram.com/otium.cl",Tiendas y Servicios,Universidad Mayor,Sin ubicación,
SABA,"10% descuento sobre el total de la compra.No acumulables con otras promociones. En la página web, ingresando el cupón de descuento ""SABAUMAYOR10""En los puntos de venta presenciales (Santiago Centro y San Carlos de Apoquindo), acreditando el vínculo con la Universidad, a través de app Mundo Mayor y CI.San Antonio N°140 LC 54-56, Paseo San Agustín, Santiago.Avenida Plaza 651, LC 23,Segundo piso, San Carlos de Apoquindohttps://saba.cl/categorias-productos/estudiantes/universidad-mayor/",Tiendas y Servicios,Universidad Mayor,Sin ubicación,
CALPER,"15% de descuento para compras en tiendas y web, utilizando el código de descuento ""UMAYOR2025"". Para estudiantes del área de la salud en uniformes clínicos y calzado. (No válido para calzado Skechers y Birkenstock).Manquehue: Los Militares 6020, Las Condes.Portugal: Av. Portugal 191, Santiago.Providencia: Antonio Varas 303, Providencia.Estoril: Estoril con Paul Harris.Viña: Calle Viana 273, Viña del Mar.www.calper.cl/",Tiendas y Servicios,Universidad Mayor,Sin ubicación,
SCORPI,"15% de descuento sobre el precio de lista o precio normal (no aplica sobre descuentos, ni costo de despacho).Compra utilizando código de descuento ""UMAYORSCORPI15%"". O directamente en las tiendas físicas, presentando certificado de alumno regular o pantallazo del perfil de la App Mundo Mayor.www.scorpi.cl",Tiendas y Servicios,Universidad Mayor,Sin ubicación,
MADE IN MARRUECOS,"15 % descuentosobre el total de la compra utilizando el código ""UMAYOR_15DCTO"".No acumulables con otras promociones. Excluye viajes.www.madeinmarruecos.cl",Tiendas y Servicios,Universidad Mayor,Sin ubicación,
"LIVE, LOVE, ROCK ON!","​15% descuentosobre el total de la compra utilizando el código ""UMAYOR2020"".",Tiendas y Servicios,Universidad Mayor,Sin ubicación,
ÓPTICA SWITCH,"20% de descuentoen lentes Monofocales.10% de descuentoen lentes Bifocales y/o MultifocalesExamen visual gratis por la compra de un lente.Av. Walker Martínez 2011, local C, La Florida.Enrique Olivares 1331, La Florida.Av. Consistorial 2069, Peñalolén.",Tiendas y Servicios,Universidad Mayor,Sin ubicación,
BCI,Plan Universitario costo $0 de Mantención.Cuenta digital BciCuenta MACHAtención preferencial con ejecutivo asignado.Contacta a tu Gestor de Convenios Renata Silva Richardson +569 6597 7848 renata.silva@bci.clPlan Universitarios Enero.pdfwww.conveniosbci.cl/,Tiendas y Servicios,Universidad Mayor,Sin ubicación,
SAMSUMG,Hasta 50% de descuento en campaña Back to School (se destaca el Galaxy S24 128GB con 51%dcto).Para acceder a estos beneficios debes registrar su mail institucional. Luego de validar el registro podrán acceder a una cuenta con la que podrán comprar con atractivos descuentos.https://www.samsung.com/cl/multistore/estudiantes_chile/,Tiendas y Servicios,Universidad Mayor,Sin ubicación,
MUNDO ROMS,"10% de descuento en productos seleccionados de las siguientes categorías:- Consolas y Videojuegos Retro- Juguetes Retro- Artículos Cultura Pop- Librería y PapeleríaPara acceder al precio en convenio, enviar certificado de alumno regular o pantallazo del perfil de Intranet (App Mundo Mayor) al correo: contacto@mundoroms.comwww.mundoroms.com/convenios",Tiendas y Servicios,Universidad Mayor,Sin ubicación,
SMARTFIX,"Servicio Técnico Smartphone y Venta de Accesorios ​​10 % descuento sobre el total de la compra.No acumulables con otras promociones.Acreditando pertenencia a Universidad Mayor, con un certificado de alumno regular o pantallazo del perfil de de la App Mundo Mayor.www.instagram.com/smartfix.empresarial",Tiendas y Servicios,Universidad Mayor,Sin ubicación,
logo_1211-Gotech.jpg,"15% de descuento sobre el total de la compra (no acumulable con otras promociones)Aplicable sólo a Suministros Recotoner (Toner, Tintas y Drum)Código: UMAYORhttps://recotoner.cl/discount/UMAYORIGwww.instagram.com/recotoner.cl/",Tiendas y Servicios,Universidad Mayor,Sin ubicación,
GEORUSTON,"10% de descuento en venta online de sus productos, ingresando el código ""UMAYOR23"" al momento de la compra en la pagina webwww.georuston.cl​Venta online de insumos geológicos. ​​​Más información en IG​@georuston​",Tiendas y Servicios,Universidad Mayor,Sin ubicación,
LIBRERÍA SAN BORJA,"7% de descuento sobre el total de la compra igual o superior a $5.000.Ubicada en: Av. Portugal 38, Torre 5, Local 1, Santiago.Más información al IG:@libreriasanborja",Tiendas y Servicios,Universidad Mayor,Sin ubicación,
LIBROOS,"10% de descuento por compras realizadas a través de la web, ingresando el código ""ConvenioUMayor""www.libroos.cl",Tiendas y Servicios,Universidad Mayor,Sin ubicación,
DIARIO FINANCIERO,"​50% descuento para el plan de suscripción DF digital premium anual utilizando el código de descuento ""UMAYORDF""Suscríbete aquí:https://www.df.cl/suscripciones-umayor",Tiendas y Servicios,Universidad Mayor,Sin ubicación,
GARMIN,"​20% de descuento en toda la tienda utilizando el código ""GARMINYUMAYOR"". No acumulable con otras promociones.www.garminstore.cl",Tiendas y Servicios,Universidad Mayor,Sin ubicación,
BEAUTY JUNE,"​15% de descuento sobre el total de la compra.No acumulable con otras promociones. Acreditando pertenencia a Universidad Mayor, con un certificado de alumno regular, certificado laboral o pantallazo del perfil de Intranet (App Mundo Mayor).Compras en WhatsApp : (+56) 936481992www.instagram.com/beautyjune.cl",Tiendas y Servicios,Universidad Mayor,Sin ubicación,
TEATRO MUNICIPAL,"Descuento en la compra de entradas para espectáculos presenciales en Teatro Municipal de Santiago.Puedes comprar vía online utilizando el código de descuento ""UMAYOR""Para venta presencial en boleterías del Teatro debes presentar un certificado que acredite la condición de alumno o bien exhibir la App Mundo Mayor, junto a su cédula de identidad.El beneficio es aplicable máximo 2 entradas por título.No es acumulable con otras promociones Calendario_Teatro Municipal.pdfFunciones con convenio.docxwww.municipal.cl",Recreación y Entretención,Universidad Mayor,Sin ubicación,
GOOLFY,"Tarifa especial a $8.000pesos de lunes a viernes: 12.00 - 22.00hrs y sábados, domingos y festivos : 10.00 - 22.00hrs.Acreditando pertenencia a Universidad Mayor, con un certificado de alumno regular o pantallazo del perfil de del Mundo Mayor.Para más información o para reservar su visita contactarse al +56968354052 o por correo electrónico agoolfy@virtualracing.clwww.goolfychile.cl",Recreación y Entretención,Universidad Mayor,Sin ubicación,
SALA K,"Precios preferentes en las diferentes exhibiciones, acreditando el vínculo con la Universidad, a través de app Mundo MayorEstudiantes U. Mayor: $1.000Colaboradores/as y Alumni: $2.000www.salak.cl",Recreación y Entretención,Universidad Mayor,Sin ubicación,
SALA TEATRO U.MAYOR,"Precios preferentes en las diferentes obras, compras en boletería, acreditando el vínculo con la Universidad, a través de app Mundo MayorEstudiantes Teatro U. Mayor: $1.000Estudiantes U. Mayor (otras carreras): $3.000 Colaboradores/as y Alumni: $4.000Santo Domingo 711, Santiagowww.instagram.com/saladeteatroumayor",Recreación y Entretención,Universidad Mayor,Sin ubicación,
BHANGA CLIMING,"2x1 en los pases diarios en horario bajo (de 10.00 a 16.00hrs).Acreditando pertenencia a Universidad Mayor, con un certificado de alumno regular o pantallazo del perfil de la App Mundo Mayor de forma presencial.Av. Consistorial 2100, Mall Alto Peñalolénwww.instagram.com/bhangaclimbing",Recreación y Entretención,Universidad Mayor,Sin ubicación,
GIMNASIO EL MURO,"15% de descuento en escalada de prueba.15% de descuento en pase libre en horario Eco.15% de descuento en mensualidad Eco.15% de descuento en plan “10 tickets estudiante” todo horario.10% de descuento en clases de escalada en horario Eco.Acreditando pertenencia a Universidad Mayor, con un certificado de alumno regular o pantallazo del perfil de de la App Mundo Mayor presencialmente en la recepción.Avda Larrain 6228, La ReinaBHANGA CLIMING",Recreación y Entretención,Universidad Mayor,Sin ubicación,
TEATRO AZARES,"$5.298 para obras y $2.700 para obras de títeresCompra de las entradas online utilizando el código ""BENUMAYOR"" .También compras directamente en boleterías acreditando el vínculo con la Universidad, a través de app Mundo Mayor.Teatro Azares - Cartelera marzo 2025.pdfwww.teatroazares.cl",Recreación y Entretención,Universidad Mayor,Sin ubicación,
VALLE NEVADO,Temporada 2025 aun no comienza.,Recreación y Entretención,Universidad Mayor,Sin ubicación,
PARQUE FARELLONES,Temporada 2025 aun no comienza.,Recreación y Entretención,Universidad Mayor,Sin ubicación,
EL COLORADO,Temporada 2025 aun no comienza.,Recreación y Entretención,Universidad Mayor,Sin ubicación,
SMARTFIT,"14% de descuento en Plan Black, utilizando el código en la web.Solicitar el código al correo dae@umayor.cl mandando un pantallazo de la credencial digital (App Mundo Mayor) o certificado alumno regular.Códigos limitados.Todas las sucursales del país.https://www.smartfit.cl/",Gimnasios,Universidad Mayor,Sin ubicación,
MEGAFITNESS,"Descuento en sus diferentes planes.Acreditación del vínculo con la Universidad Mayor con un certificado de alumno regular o perfil de la aplicación Mundo Mayor contratando directamente en la sucursal (descuentos exclusivos Sucursal Manuel Montt).Matricula $10.000 anual.Plan Anual: $249.990Plan Semestral: $150.000Plan Trimestral: $90.000Plan Trimestral: $28.990Av. Manuel Montt 50, Providencia.www.instagram.com/megafitnessmanuelmontt",Gimnasios,Universidad Mayor,Sin ubicación,
ESPACIO VUELA,"Matricula gratuita y 10% de descuento sobre planes de disciplinas (clases de Pole Sport, Aerial yoga, Pilates Zen, Kick Boxing, K-pop, Hip-Hop, Cotemporáneo, Dance Lab, Reggaeton, Girly, Flexibilidad Freestyle).No acumulable con otras promociones. Acreditando pertenencia a Universidad Mayor con un certificado de alumno regular o pantallazo del perfil de Mundo Mayor al correocontacto@espaciovuela.clRevisa los horarios de las clasesAQUÍ",Gimnasios,Universidad Mayor,Sin ubicación,
INALTUM FITNESS,"Descuento fijo sobre el total del plan.Contratación del servicio con el personal presente en recepción.No acumulable con otras promociones.Acreditando pertenencia a Universidad Mayor, con un certificado de alumno regular, certificado laboral o pantallazo del perfil de Intranet (App Mundo Mayor).Avenida Miguel Claro 109, Providenciawww.inaltum.cl",Gimnasios,Universidad Mayor,Sin ubicación,
SPORTLIFE,Valores preferenciales en planes por sectores y zonas.Promoción de 7 días de FreePassRevisar documento de valoresVALORES 2024.pdfContacto: Julia Vidal / Cuentas Corporativas / jvidal@sportlife.cl / +56 9 57280769www.sportlife.cl,Gimnasios,Universidad Mayor,Sin ubicación,
CAMP FIT GIRLS,"15% de descuento para participar en las diferentes clases que ofrecen.Clase de prueba gratis. Acreditando pertenencia a Universidad Mayor, con un certificado de alumno regular, certificado laboral o pantallazo del perfil de Intranet (App Mundo Mayor).Bustamante 642, Ñuñoa (Metro Irarrázaval o Sta. Isabel)www.campfitgirls.cl",Gimnasios,Universidad Mayor,Sin ubicación,
GIMNASIO UPGRADE,Descuento en sus diferentes planes.Acreditación del vínculo con la Universidad Mayor con un certificado de alumno regular o perfil de la aplicación Mundo Mayor si contrata en mesón. Contratando en web utilizar código del plan que se quiere contratar.Plan Anual: UMAYORANUALPlan Semestral: UMAYORSEMPlan Trimestral: UMAYORTRIMVálido en todas las sucursales del país.https://www.gimnasiopacific.cl/,Gimnasios,Universidad Mayor,Sin ubicación,
CLÍNICA ODONTOLÓGICA EVEREST,"​Evaluación y Diagnóstico con Radiografía Panorámica sin Costo.62% descuento en prestaciones dentales frecuentes.55% descuento en el resto de las prestaciones dentales.Descuentos sin tope ni deducible.Descuento válido en prestaciones dentales, excluye Laboratorios, Pabellón, Informes Radiológicos e insumos.Los descuentos NO son acumulables con otros convenios y/o promociones vigentes.Acreditando pertenencia a Universidad Mayor debes mostrar un certificado de alumno regular o pantallazo del perfil de Intranet (App Mundo Mayor).Todas las sucursales.www.instagram.com/clinicaeverest/",Salud y Estética,Universidad Mayor,Sin ubicación,
EMS PROVIDENCIA,"35% de descuento en electroestimulación.35% en HIIT.15% Nutricionista.20% Quiropractico.Para acreditar pertenencia a Universidad Mayor debes mostrar un certificado de alumno regular o pantallazo del perfil de Intranet (App Mundo Mayor).Antonio Varas 175, oficina 902, ProvidenciaEMS 2024.pdfwww.emsprovidencia.cl",Salud y Estética,Universidad Mayor,Sin ubicación,
CEOI,"Campañas con descuentos exclusivos mensuales:Hasta el 30 de abril examen de diagnóstico costo $0. Destartaje supragingival + radiografía panorámica $60.000Republica Arabe de Egipto 250, Of 2, Las Condes.https://ceoi.cl/",Salud y Estética,Universidad Mayor,Sin ubicación,
LABYSALUD,"$5.000 de descuento en Toma de muestras de Exámenes a Domicilio:Exámenes de laboratorio: más de 300 examenes de sangre, orina y cultivo.Exámenes cardiológicos: electrocardiograma (ECG), Holter de ritmo/arritmia, holter de presión, ecocardiograma.Realizados por enfermeraLaboratorios acreditadosResultados en horas vía mail o WhatsAppEl descuento se hará efectivo previa acreditación del vínculo con la Universidad Mayor presentando certificado de alumno regular y perfil de la aplicación Mundo Mayor.Descuento aplicable a estudiantes U Mayor y sus familias.Cobertura: rm + v regiónHorario de atención: De lunes a viernes, excepto festivos. No acumulable con otras promociones.www.labysalud.cl",Salud y Estética,Universidad Mayor,Sin ubicación,
CLINICA DENTAL ALBA,"Hasta un 60% de descuento en diferentes servicios:- Diagnóstico gratuito.- 60% de descuento Limpieza Dental.- 50% de descuento Blanqueamiento Dental e Interconsulta.- Tratamiento de Ortodoncia. Valor preferencial detallado en Anexo N°1- Otros Tratamientos Dentales, descuento de un 50% al monto total del tratamiento.Arancel Alba anexo 1_2024.pdfHolanda 099, oficina 304, Providenciawww.clinicadentalalba.cl",Salud y Estética,Universidad Mayor,Sin ubicación,
NORDEN,"25% de descuento en todas las prestaciones clínicas (excepto laboratorio) Si están afiliados a Caja Los Andes, obtienen un 5% adicional, sumando hasta 30% de descuento total en todas las prestaciones.- Pack de Bienvenida: $69.000, incluye consulta de diagnóstico, pack rayos (panorámica + bitewing lateral), higiene (con destartaje completo y profilaxis).- Campañas con descuentos exclusivos.www.clinicasnorden.cl/",Salud y Estética,Universidad Mayor,Sin ubicación,
QUIERO MI EXAMEN,"50% de descuento en la orden médica quedando a un valor de $2.245 cada orden médica.Promoción no acumulable con otros descuento.Utilizando el código de descuento""UMAYOR""en la web.www.quieromiexamen.cl",Salud y Estética,Universidad Mayor,Sin ubicación,
CETEP,"15% descuento en productos de la farmacia sobre el precio de venta al público, sin considerar promociones o descuentos vigentes. Valores preferenciales en atenciones online.Para hacer efectivo este beneficio se entregará un Código de Descuento que será válido para los beneficiarios de la empresa y será requerido al momento del pago en la web.Balmoral 309, Nivel -2 Local 201, Las Condes.Nueva Los Leones 200, Providencia.Av. Libertador Bernardo O´Higgins 420, Rancagua.Chacabuco 799, Concepción.Cuatro Oriente 108, Viña del Mar.https://cetep.cl/",Salud y Estética,Universidad Mayor,Sin ubicación,
ACHS,"Precios preferentes de atención en salud mental (online y presencial), traumatología, kinesiología, rayos y medicina general.ParaSalud MentalParaTraumatología, Kinesiología y RayosParaMedicina GeneralRevisaInstructivo Pago ACHS.pdfpara los pacientes que sean Fonasa en el link de la página webwww.achs.cl/salud-no-laboral/convenios",Salud y Estética,Universidad Mayor,Sin ubicación,
ARTEMISA SALUD MENTAL,"En Artemisa somos un equipo comprometido con entregar soluciones a las necesidades de salud mental y aportar a la formación clínica de psicólogos y psicólogas. Buscamos entregar un servicio de excelencia, con altos estándares de calidad.¿Cuándo ir al psicólogo/a?:En la psicoterapia se abordan temas de tu vida que te preocupan, para descubrir soluciones y reforzar los recursos personales. En el caso niños/as y adolescentes, la psicoterapia involucra también trabajar con sus familias. Existen múltiples estudios científicos que respaldan la efectividad de la psicoterapia, considerándose un tratamiento basado en la evidencia.Algunas de las situaciones en que se sugiere consultar son:• Si tienes un problema que no has podido solucionar, a pesar de haberlo intentado de distintas formas.• Si percibes que no tienes control sobre lo que ocurre en tu vida cotidiana.• Si te sientes disconforme con tu vida.• Si presentas dolencias físicas que no tienen explicación médica (somatizaciones).• Si presentas alguno de los siguientes síntomas o situaciones: estrés, ansiedad, depresión, duelo, impulsividad, desregulación emocional, problemas de autoestima, entre otros.Buscar ayuda de un psicólogo/a puede facilitar el manejo de desafíos en la vida cotidiana. No esperes a situaciones críticas; consultar temprano hará el proceso más fácil y mejorará tu bienestar.Para acceder al beneficio: Contáctanos a contacto@artemisasaludmental.cl o escríbenos a nuestroWhatsApp +56 9 32046633, indicando que eres estudiante de la Universidad Mayor. Para ello, deben enviar una foto de tu certificado de alumno/a regular.www.instagram.com/artemisasaludmental/?hl=es",Salud y Estética,Universidad Mayor,Sin ubicación,
UN RINCÓN DEL ENCUENTRO,"Atención psicológica online con un valor de$18.000 por sesión.Correspondiente a un 28% de descuento del valor original de la sesión ($25.000).Centro de Atención Psicológica comprometido con la salud mental de la población de todas las edades, desde un enfoque de género y enfoque afirmativo. Contamos con profesionales capacitadas/es para el trabajo con neurodivergencias.Somos un grupo conformado por psicologas/psicologues, e intentamos entregar un espacio seguro y de confianza para cualquier proceso.Inscribiéndote allink exclusivo UMwww.instagram.com/unrincondelencuentro",Salud y Estética,Universidad Mayor,Sin ubicación,
HENK-CO,"Red de Atención Psicológica Henk-co.Presta los servicios de:Acompañamiento psicológicoPsicoterapiaPsicoeducaciónUn descuento de $7.000 CLP, desde la modalidad online, y un descuento de $11.000 desde la modalidad presencial.Para acceder a este beneficio sólo debes ingresar a la web, solicitar la hora y poner el código ""CONVENIOMAYOR"" en el motivo de consulta luego el/la psicólogo/a asignado te pedirá un pantallazo de tu perfil mayor.https://henkco.cl/PDF informativo con valores + misión.docx.pdf",Salud y Estética,Universidad Mayor,Sin ubicación,
CLÍNICA TOMÁS MORO,"30% de descuento sobre el valor de los servicios de consultas ambulatorias en las siguientes especialidades: • Medicina General • Medicina Interna • Fonoaudiología: Adulto e Infantil • Kinesiología: Adulto e Infantil • Psicología: Adulto e Infantil • Terapia Ocupacional: Adulto e Infantil • Nutrición: Adulto, Infantil y DeportivaDicho descuento se hará efectivo previo acreditación del vínculo con la Universidad Mayor al correo con un certificado de alumno regular o perfil de la aplicación Mundo Mayor.Ubicación: Apoquindo 7331, Oficina 411, Las CondesHorarios: lunes a viernes de 09:00 a 21:00 / sábado de 09:00 a 12:30Correo:recepcion@clinicatomasmoro.clTeléfono: +56997696360https://clinicatomasmoro.cl/(Estos son precios particulares y luego se le aplica el reembolso)",Salud y Estética,Universidad Mayor,Sin ubicación,
CENTRO INTEGRAL PLAZA DE ARMAS,"15% de descuento sobre el total de la compra del servicio.Dicho descuento se hará efectivo previo acreditación del vínculo con la Universidad Mayor al correo contacto@centroentrointegralplazadearmas.cl con un certificado de alumno regular o perfil de la aplicación Mundo Mayor.Calle San Antonio #486, Oficina 151. Piso 15Precios y detalles convenio Centro de atención integral Plaza de Armas Universidad Mayor.pdfwww.centrointegralplazadearmas.cl",Salud y Estética,Universidad Mayor,Sin ubicación,
LEVIMED,"Porcentaje de descuento sobre el valor total de cada servicio,en relación al precio o referencial de lista para el público consumidor. Dicho descuento no es acumulable con otras promociones.Neveria 4672, Las Condeswww.levimed.cl",Salud y Estética,Universidad Mayor,Sin ubicación,
PEREGRINO COFFEE,"10% de descuento sobre el total de la compra. No acumulable con otras promociones.Acreditando pertenencia a Universidad Mayor, con un certificado de alumno regular o pantallazo del perfil de Intranet (App Mundo Mayor).Direcciones:- Loreley 114, La Reina.- Av. Apoquindo 7014, Las Condeswww.peregrinocoffee.cl​​",Gastronomía,Universidad Mayor,Sin ubicación,
TURBUS,"Precios preferenciales que permite a los estudiantes viajar de lunes a domingo, en cualquier horario, desde el 1 de marzo hasta el 15 de diciembre de 2023.A través de la web, ingresandoaquí. El descuento se reflejará automáticamente al momento de ir a pagar, siempre y cuando hayas escogido el tramo asociado a tu inscripción.Debes inscribirteAQUÍpara obtener el beneficio.","Viajes, Hoteles y Trasporte",Universidad Mayor,Sin ubicación,
PIE MONTE,Hotel Olmué20% descuento Temporada Baja (Marzo a Junio y Agosto a Noviembre)10% descuento Temporada Alta (Julio ; Diciembre a Febrero)Enviando el certificado de alumno regular al correoinfo@piemontehotel.clsolicitando información.CONDICIONES RESERVAS PIE MONTE.pdfwww.instagram.com/piemontehotelolmuewww.piemontehotel.cl,"Viajes, Hoteles y Trasporte",Universidad Mayor,Sin ubicación,
RED HOTELERA,Operadora de reservas10% de descuento sobre tarifas rack de los diferentes hoteles.WhatsApp : (+56) 973889424 - (+56) 974477872Teléfonos (+56) 44 8909220 - (+56) 225860992Horario De Atención: De Lunes a Viernes desde las 09:00 a 18 hrs.www.instagram.com/redhotelera,"Viajes, Hoteles y Trasporte",Universidad Mayor,Sin ubicación,
CABAÑAS LAS AÑAÑUCA,"11% de descuento sobre el total de la compra.Promoción no acumulable con otros descuentos.Para reservar debes acreditar pertenencia a Universidad Mayor, con un certificado de alumno regular o pantallazo del perfil de Intranet (App Mundo Mayor) enviando un correo ainfo@cabanasananucas.clwww.cabanasananucas.cl","Viajes, Hoteles y Trasporte",Universidad Mayor,Sin ubicación,
MARINA TEMUCO,"Presta los servicios de elaboración y venta de sal de mar con distintas especias, entregando productos 100% naturales y libre de aditivos.10% de descuento en toda la línea de productos de Marina Temuco, este descuento podrá ser utilizado durante todo el año, aplica para venta online y ventas presenciales en ferias. (Excluye puntos de ventas físicos).15% de descuento para estudiantes y funcionarios en el día de su cumpleaños. El descuento solo aplica para venta online y ventas presenciales en ferias. (Excluye puntos de venta físicos).www.instagram.com/marinatemuco/",Temuco,Universidad Mayor,Sin ubicación,
RESTAURANTE FRUTAL TEMUCO,"Gastronomía GourmetIncluimos en tu almuerzo económico: consomé/crema/sopa (Según disponibilidad del día).15% de descuentoen el valor de la carta (Temuco - Curacautín).20% de descuentoen zona de reuniones y fiestas (Temuco - Curacautín).Gratis zona de recambio de vestuario en temporada de nieve (Curacautín).Regalo de cumpleaños, si agendas tu celebración con nosotros.Solo debes validarte con tus credenciales #umayor. No acumulable con otras promociones.Reservas +56997471269.Dinamarca #691, local 4 y 5, Temuco.www.instagram.com/frutal_temuco/",Temuco,Universidad Mayor,Sin ubicación,
LA HOLANDESA CAFÉ,Presta los servicios de Cafetería.Capuccino 2x1 los lunes hasta las 14.00hrs.Café más galletón vegano $4.000.Challa tradicional + jugo/café $8.000Café/Chocolate caliente + Gateau $6.000Babka + helado $4.000www.instagram.com/laholandesacafe/,Temuco,Universidad Mayor,Sin ubicación,
RAMI,Presta los servicios de venta de productos Coreanos15% de descuento en compras sobre el valor del catálogo.25% de descuento en el día de tu cumpleaños (Acreditando con tu Cédula de Identidad).www.instagram.com/rami.temuco/,Temuco,Universidad Mayor,Sin ubicación,
STILE ISABELLA,Presta los servicios de venta de joyas y accesorios.10% de descuento en toda la tienda.20% de descuento por compras sobre $35.000 (no acumulable)2x1 y envío gratis exclusivo en el día de tu cumpleaños (válidadndo con cédula de identidad).www.instagram.com/stile.isabella/,Temuco,Universidad Mayor,Sin ubicación,
TERRAPADEL Y CROSSFIT,Presta los servicios de arriendo de canchas de Pádel y CrossfitLunes a viernes: 08.00 a 18.00hrs $8.000 / 18.00 a 00.00hrs $15.000.Fines de semana: todo el día $8.000Préstamos de palas y pelotas Sin costo.Box CrossFit:www.instagram.com/terrapadelaraucania/,Temuco,Universidad Mayor,Sin ubicación,
ZANAHOLIVA,"Presta los servicios de venta de alimentos saludables.10% de descuentoen toda la carta.Regalo de Cumpleaños:podrás pedir jugo, bebida, café o té. Debes validarlo con tu cédula de identidad.www.instagram.com/zanaholiva/",Temuco,Universidad Mayor,Sin ubicación,
W1 TEMUCO,"Presta los servicios venta oficial Winkler Nutrition y Revitta Wellness de Temuco15% de descuento sobre el precio o valor referencial.18% de descuento en cualquier producto de la tienda, en el día de tu cumpleaños.www.instagram.com/w1.temuco/",Temuco,Universidad Mayor,Sin ubicación,
UP FIT TEMUCO,Presta los servicios de gimnasio para mujeres.10% de descuento en horario de 08.00 a 14.00hrs.Agenda tu clase de prueba Gratis.www.instagram.com/upfit.temuco/,Temuco,Universidad Mayor,Sin ubicación,
VOLTA ROASTERS,"Presta los servicios de Cafetería30% de descuento en Promoción de: Café caliente + selladito - de 08.30 a 10.00hrs.10% de descuento en ""Promoción de Almuerzo"", bebida + wrap a elección - de 13.00 a 14.30hrs.20% de descuento base si llevas tu vaso para la bebida de tu preferencia.Beneficios exclusivos en el día de tu cumpleaños.Descuentos exclusivos en café de grano en formato de 250grs,www.instagram.com/voltaroasters/",Temuco,Universidad Mayor,Sin ubicación,
CENTRO DE BIENESTAR KÖHLER,Presta los servicios de sesiones de Psicoterapia.20% de descuento en el valor de las sesiones de Psicoterapia.50% de descuento adicional enl a primera sesión.www.instagram.com/tuversionpositiva/,Temuco,Universidad Mayor,Sin ubicación,
SEXSHOP TOY HOT,Presta los servicios de artículos y juguetes para adultos10% de descuento en compras superiores a $15.000 a todos los de la carrera obstetricia y puericultura.10% de descuento en compras superiores a $20.000Un lubricante básico de 5ml de regalo por cada compra superior a $15.000www.instagram.com/sexshop_toyhot/,Temuco,Universidad Mayor,Sin ubicación,
ARADELI SABORES,Presta los servicios de distribución de chocolates artesanales.5% de descuento en todos sus productos.www.instagram.com/aradelisabores/,Temuco,Universidad Mayor,Sin ubicación,
VALENTINNA,Presta los servicios de venta de joyas y accesorios.15% de descuento en el total de su compra a alumnos.10% de descuento en el total de su compra a docentes y colaboradores.www.instagram.com/valentinna.chile/,Temuco,Universidad Mayor,Sin ubicación,
CUTE STUFF SPA,"Presta los servicios de venta de artículos de librería y bazar.20% de descuento en todos los productos, excepto en magnetic notes y magnetic pads.10% de descuento en magnetic notes y magnetic pads.www.instagram.com/cute.stuff.temuco/",Temuco,Universidad Mayor,Sin ubicación,
NATURISTA,"Presta los servicios de comida saludable para servir o llevar, taler como: bowl de ensaladas, wrap, platos calientes, etc. Con opciones vegetarianas, veganas, sin gluten, entre otras.10% de descuento en bowl, wrap y jugos naturales todos los miércoles de cada mes.Exclusivo para alumnos: en el día de tu cumpleaños solicita tu jugo natural de regalo por la compra de cualquiera de nuestros productos.www.instagram.com/naturistafood/",Temuco,Universidad Mayor,Sin ubicación,
YASSER AZAR,Presta los servicios de:1- Evaluación y diagnóstico quiropráctico2- Tratamiento quiropráctico basada en técnicas de alta velocidad y baja amplitud3- Tratamiento de descomprensión de columna para tratamientos de hernias y discopatías15% de descuento en los tratamientos quiroprácticos20% de descuento en los tratamientos quiroprácticos en el día de tu cumpleaños (con cédula de identidad)www.instagram.com/yasser_azar/,Temuco,Universidad Mayor,Sin ubicación,
EYOUKINE,p>Presta los servicios de Rehabilitación kinésica integral y masaje terapéutico• 15% de descuento en masajes relajantes y/o descontracturantes.• 15% de descuento en evaluación y diagnóstico.• 20% de descuento en el mes de tu cumpleaños en masajes relajantes y/o descontracturantes (presentando cedula de identidadwww.instagram.com/eyoukine/,Temuco,Universidad Mayor,Sin ubicación,
VERA NAPOLI,"Presta los servicios de Restaurante y alimentación• Menú ejecutivo, de lunes a viernes, de 12:30-16:00 horas, a $6.990• 10% descuento en productos que no entran en promoción de menú ejecutivo (pasta rellena y pizza tamaño tradicional)www.instagram.com/veranapoli.cl/",Temuco,Universidad Mayor,Sin ubicación,
SUBLICRAFT STUDIO,"Agendas personalizadas, estampados de polerones, poleras, morrales, tazones, etc; cotillón personalizado para distintos eventos, papelería (como tarjetas de presentación, stickers, tags, impresión de libros).• 15% en agendas• 10% en estampados• 10% en productos de papelería como stickers, cotillón, tarjetas, etcwww.instagram.com/sublicraft_studio/",Temuco,Universidad Mayor,Sin ubicación,
SERVITECA DE LUCA,"p>Presta los servicios de Alineación, Balanceo, Cambio de aceite, Frenos, Neumáticos, Baterías, Scanner automotriz, Mecánica rápida (pastillas de frenos, rectificado de discos, embalatado, repuestos en general), Lavado full,K Pulido, Lavado de tapiz, Sellado cerámico.• 10 % de descuento en todos nuestros productos• 20% de descuento en el día de tu cumpleañoswww.instagram.com/servitecadeluca/",Temuco,Universidad Mayor,Sin ubicación,
SELLO.PINK,Presta los servicios de tratamiento de belleza cosmético para las uñas.• Todos los jueves con un 15% de descuento en esmaltados permanentes y uñas softgel.www.instagram.com/sello.pink,Temuco,Universidad Mayor,Sin ubicación,
MAITHAI,"Presta los servicios gastronómicos de comida tailandesa, con patente de restaurant, contando con mesas interiores y terraza exterior, prestando un servicio de calidad y ofreciendo una experiencia única para nuestros clientes.• Alumnos: 15% de descuento en la carta.• Funcionarios: 10% de descuento en la carta.www.instagram.com/maithai_cl",Temuco,Universidad Mayor,Sin ubicación,
LOVELY MANTEQUILLAS,"Presta los servicios de comercialización y elaboración de mantequillas de frutos secos, snacks veganos y libres de azúcar.• 10 % de descuento en todos nuestros productos• 20% de descuento en el día de tu cumpleañoswww.instagram.com/lovely.mantequillas",Temuco,Universidad Mayor,Sin ubicación,
LA QUADRADA PIZZA,"Presta los servicios de venta de pizza, sándwiches y empanadas.• 15% de descuento en la compra de cualquier producto sobre los $10.000.• Compras inferiores a los 10.000 tienen un 10% descuento de base.• Lunes y martes pizza pepperoni familiar a $7.990.www.instagram.com/laquadradapizza",Temuco,Universidad Mayor,Sin ubicación,
AAMAAL FIT,​Presta los servicios de comercialización de ropa deportiva de mujer y hombre Compras online y presenciales.• 15% de descuento en todos nuestros productos.www.instagram.com/aamaal.fit,Temuco,Universidad Mayor,Sin ubicación,
Lounge,"20% dto. adicional sobre el precio vigente, todos los domingos.",Beneficios Bancarios,Banco de Chile,Sin ubicación,
Taringa,40% dto. todos los sábados de junio,Beneficios Bancarios,Banco de Chile,Sin ubicación,
Imared,20% dto. todos los días en pagos presenciales,Beneficios Bancarios,Banco de Chile,Sin ubicación,
Poliglota,Hasta 76% dto. para estudiar idiomas,Beneficios Bancarios,Banco de Chile,Sin ubicación,
Solar Fotovoltaica,4 a 24 cuotas sin interés.,Beneficios Bancarios,Banco de Chile,Sin ubicación,
Kaya Unite,40% dto. presencial,Beneficios Bancarios,Banco de Chile,Sin ubicación,
Rally Kart,Hasta 40% dto. en vueltas todos los días presencial,Beneficios Bancarios,Banco de Chile,Sin ubicación,
La Bodeguita Miguel Torres,50% dto. los viernes de junio con tu Tarjeta Visa Infinite,Beneficios Bancarios,Banco de Chile,Sin ubicación,
Wendys,Viernes 30% dto. en compras presenciales.,Beneficios Bancarios,Banco de Chile,Sin ubicación,
Espacio Caju – Stay and play café,20% dto. lunes a miércoles,Beneficios Bancarios,Banco de Chile,Sin ubicación,
Exclusivo Clientes Plan Océano,40% dto. en grandes marcas de vestuario y calzado,Beneficios Bancarios,Banco de Chile,Sin ubicación,
Exclusivo Clientes Plan Cordillera,30% dto. en grandes marcas de vestuario y calzado,Beneficios Bancarios,Banco de Chile,Sin ubicación,
ULTIMATE FITNESS,20% dto. adicional todos los jueves del mes,Beneficios Bancarios,Banco de Chile,Sin ubicación,
Brando,25% dto. lunes presencial y online,Beneficios Bancarios,Banco de Chile,Sin ubicación,
MacOnline Apple,Lo mejor de Apple en 4 a 24 cuotas sin interés con tus Tarjetas de Crédito del Chile,Beneficios Bancarios,Banco de Chile,Sin ubicación,
Danubio Azul,20% dto. todos los días,Beneficios Bancarios,Banco de Chile,Sin ubicación,
DO SUSHI,20% dto. jueves y viernes,Beneficios Bancarios,Banco de Chile,Sin ubicación,
Trattoria Santtino,20% dto. martes y jueves,Beneficios Bancarios,Banco de Chile,Sin ubicación,
Prima Bar,20% dto . todos los miércoles,Beneficios Bancarios,Banco de Chile,Sin ubicación,
El Nuevo Arriero,20% dto. lunes a viernes horario almuerzo,Beneficios Bancarios,Banco de Chile,Sin ubicación,
La Divina Comida,20% dto. miércoles a viernes,Beneficios Bancarios,Banco de Chile,Sin ubicación,
Under Armour,40% dto. viernes 13 de junio en compra online,Beneficios Bancarios,Banco de Chile,Sin ubicación,
Hush Puppies,40% dto. viernes 13 de junio en compra online,Beneficios Bancarios,Banco de Chile,Sin ubicación,
CAT,40% dto. jueves 12 de junio en compra online,Beneficios Bancarios,Banco de Chile,Sin ubicación,
Columbia,40% dto. jueves 12 de junio en compra online,Beneficios Bancarios,Banco de Chile,Sin ubicación,
Rockford,40% dto. miércoles 11 de junio en compra online,Beneficios Bancarios,Banco de Chile,Sin ubicación,
Crocs,40% dto. martes 10 de junio en compra online,Beneficios Bancarios,Banco de Chile,Sin ubicación,
Merrell,40% dto. martes 10 de junio en compra online,Beneficios Bancarios,Banco de Chile,Sin ubicación,
Zapatos.cl,40% dto. lunes 09 de junio en compra online,Beneficios Bancarios,Banco de Chile,Sin ubicación,
Cassis,"20% dto. los lunes en ""Cafetería"" de la carta ""Para Tomar""",Beneficios Bancarios,Banco de Chile,Sin ubicación,
Nikola,Paga en 4 a 24 cuotas sin interés.,Beneficios Bancarios,Banco de Chile,Sin ubicación,
Teatro Mori,30% dto. en obras,Beneficios Bancarios,Banco de Chile,Sin ubicación,
Majestic,30% dto. todos los días,Beneficios Bancarios,Banco de Chile,Sin ubicación,
Lineatre,20% dto. los lunes,Beneficios Bancarios,Banco de Chile,Sin ubicación,
Yokono Sushi,35% dto. lunes a miércoles en retiro y delivery,Beneficios Bancarios,Banco de Chile,Sin ubicación,
Glam & Co,20% dto. lunes a jueves,Beneficios Bancarios,Banco de Chile,Sin ubicación,
iO,20% dto. todos los días en compra presencial y online,Beneficios Bancarios,Banco de Chile,Sin ubicación,
ZOO YORK,30% dto. todos los lunes en compra presencial,Beneficios Bancarios,Banco de Chile,Sin ubicación,
BondUP,"6 meses gratis de psicología, telemedicina y entretenimiento.",Beneficios Bancarios,Banco de Chile,Sin ubicación,
Hands & Company,30% dto. en servicios presenciales los días lunes y martes,Beneficios Bancarios,Banco de Chile,Sin ubicación,
FLIXBUS,25% dto. todos los días,Beneficios Bancarios,Banco de Chile,Sin ubicación,
Toke,20% dto. en compras presencial y online todos los lunes,Beneficios Bancarios,Banco de Chile,Sin ubicación,
Bodega Parma,40% dto. todos los lunes de junio,Beneficios Bancarios,Banco de Chile,Sin ubicación,
Kiara,50% dto. todos los lunes de junio,Beneficios Bancarios,Banco de Chile,Sin ubicación,
Rappi,Disfrutar un nuevo sabor cada día,Beneficios Bancarios,Banco de Chile,Sin ubicación,
TERRA FORCE,20% dto adicional. todos los días,Beneficios Bancarios,Banco de Chile,Sin ubicación,
SNOW FORCE,20% dto adicional. todos los días,Beneficios Bancarios,Banco de Chile,Sin ubicación,
AQUA FORCE,20% dto adicional. todos los días,Beneficios Bancarios,Banco de Chile,Sin ubicación,
DELTAMOTORS,20% dto. todos los días presencial,Beneficios Bancarios,Banco de Chile,Sin ubicación,
De Flores y Floreros,10% dto. miércoles presencial y online,Beneficios Bancarios,Banco de Chile,Sin ubicación,
BO Concept,15% dto. en compra presencial,Beneficios Bancarios,Banco de Chile,Sin ubicación,
7Veinte,"20% dto. los miércoles, jueves y viernes en compra online",Beneficios Bancarios,Banco de Chile,Sin ubicación,
Flux Solar,Compra tu planta solar de 6 a 24 cuotas sin interés.,Beneficios Bancarios,Banco de Chile,Sin ubicación,
EnelX,Paga en 13 a 24 cuotas sin interés.,Beneficios Bancarios,Banco de Chile,Sin ubicación,
CLUB DE PADEL DE LA FLORIDA,Hasta 25% dto. todos los días,Beneficios Bancarios,Banco de Chile,Sin ubicación,
MOTA,25% dto. en compras online todos los días,Beneficios Bancarios,Banco de Chile,Sin ubicación,
CAFFARENA,30% dto. en compras online todos los días,Beneficios Bancarios,Banco de Chile,Sin ubicación,
GRAVAT,30% dto. todos los días online y presencial,Beneficios Bancarios,Banco de Chile,Sin ubicación,
DBS,20% dto. todos los miércoles en compra online con tus Tarjetas del Chile.,Beneficios Bancarios,Banco de Chile,Sin ubicación,
Marathon,20% dto. adicional presencial y online.,Beneficios Bancarios,Banco de Chile,Sin ubicación,
El Naturalista,Hasta 20% dto. en compra presencial lunes y jueves,Beneficios Bancarios,Banco de Chile,Sin ubicación,
PLANT ME,20% dto. presencial y online,Beneficios Bancarios,Banco de Chile,Sin ubicación,
Zona Verde,Hasta 20% dto. todos los días,Beneficios Bancarios,Banco de Chile,Sin ubicación,
Green Glass,15% dto. en compra online,Beneficios Bancarios,Banco de Chile,Sin ubicación,
ÜÑÜ,20% dto. online,Beneficios Bancarios,Banco de Chile,Sin ubicación,
Biobrush,25% dto online todos los días,Beneficios Bancarios,Banco de Chile,Sin ubicación,
Maríabooth,15% dto. todos los días en compra online.,Beneficios Bancarios,Banco de Chile,Sin ubicación,
Movistar,Paga en 13 hasta 24 cuotas sin interés,Beneficios Bancarios,Banco de Chile,Sin ubicación,
Specialized,Paga 4 a 12 cuotas sin interés,Beneficios Bancarios,Banco de Chile,Sin ubicación,
Entel,Paga en 13 a 18 cuotas sin interés,Beneficios Bancarios,Banco de Chile,Sin ubicación,
AUFBAU,Paga en 13 a 24 cuotas sin interés con tus Tarjetas de Crédito del Chile,Beneficios Bancarios,Banco de Chile,Sin ubicación,
Samsung,Paga hasta en 24 cuotas sin interés en compra online y tiendas.,Beneficios Bancarios,Banco de Chile,Sin ubicación,
Calcetines Bacanes,20% dto. en compra online,Beneficios Bancarios,Banco de Chile,Sin ubicación,
Trauko,15% dto. todos los días en sitio web,Beneficios Bancarios,Banco de Chile,Sin ubicación,
MARLEY COFFEE,35% dto los miércoles online y presencial,Beneficios Bancarios,Banco de Chile,Sin ubicación,
ChileLentes,Hasta un 25% dto. todos los días,Beneficios Bancarios,Banco de Chile,Sin ubicación,
Rotter y Krauss,Hasta 35% dto. martes en compra presencial y online,Beneficios Bancarios,Banco de Chile,Sin ubicación,
Bouden,20% dto. martes online,Beneficios Bancarios,Banco de Chile,Sin ubicación,
La Fête Chocolat,20% dto. los lunes presencial y online,Beneficios Bancarios,Banco de Chile,Sin ubicación,
MDF,20% dto. todos los días,Beneficios Bancarios,Banco de Chile,Sin ubicación,
Doite,20% dto. en compras presenciales y online todos los martes,Beneficios Bancarios,Banco de Chile,Sin ubicación,
Tommy Beans,Miércoles 40% dto. a través de la App de cada marca y 30% dto. en compras presenciales.,Beneficios Bancarios,Banco de Chile,Sin ubicación,
TESSA,20% dto. jueves presencial y online,Beneficios Bancarios,Banco de Chile,Sin ubicación,
AV ODONTOLOGÍA,Hasta un 60% dto. todos los días,Beneficios Bancarios,Banco de Chile,Sin ubicación,
Restaurante Ana María,20% dto. miércoles,Beneficios Bancarios,Banco de Chile,Sin ubicación,
Bar Imperial,20% dto. lunes a jueves,Beneficios Bancarios,Banco de Chile,Sin ubicación,
BANGKOK THAI,20% dto. lunes a miércoles,Beneficios Bancarios,Banco de Chile,Sin ubicación,
Ari Nikkei,20% dto. martes,Beneficios Bancarios,Banco de Chile,Sin ubicación,
Ramblas,20% dto. lunes a miércoles,Beneficios Bancarios,Banco de Chile,Sin ubicación,
Don Teo Santiago,20% dto. viernes a domingo,Beneficios Bancarios,Banco de Chile,Sin ubicación,
Japón Ya,20% dto. miércoles y jueves,Beneficios Bancarios,Banco de Chile,Sin ubicación,
Barrica 94,50% dto. todos los jueves de junio,Beneficios Bancarios,Banco de Chile,Sin ubicación,
Capogrossi,50% dto. los martes de junio con tu Tarjeta Visa Infinite,Beneficios Bancarios,Banco de Chile,Sin ubicación,
Transvip,15% dto en servicios,Beneficios Bancarios,Banco de Chile,Sin ubicación,
Green Lab,20% dto. jueves a domingo,Beneficios Bancarios,Banco de Chile,Sin ubicación,
Vietnam Dicovery,20% dto. martes a domingo,Beneficios Bancarios,Banco de Chile,Sin ubicación,
La Cocina de Javier,30% dto. los martes,Beneficios Bancarios,Banco de Chile,Sin ubicación,
Novu,20% dto. los días lunes,Beneficios Bancarios,Banco de Chile,Sin ubicación,
PECES DE CIUDAD,20% dto. miércoles,Beneficios Bancarios,Banco de Chile,Sin ubicación,
Casona Del Virrey,20% dto. lunes a jueves,Beneficios Bancarios,Banco de Chile,Sin ubicación,
Fabrics,Hasta 40% dto. en ropa de cama y baño,Beneficios Bancarios,Banco de Chile,Sin ubicación,
Bao Bar,40% dto. todos los sábados de junio,Beneficios Bancarios,Banco de Chile,Sin ubicación,
Expendio,Hasta 30% dto. sábados y domingos,Beneficios Bancarios,Banco de Chile,Sin ubicación,
Restaurante Isabella,20% dto. martes a jueves,Beneficios Bancarios,Banco de Chile,Sin ubicación,
BAR PLAZA,20% dto. lunes a miércoles,Beneficios Bancarios,Banco de Chile,Sin ubicación,
Gorilas,20% dto. jueves,Beneficios Bancarios,Banco de Chile,Sin ubicación,
Uber Eats: McDonald’s,Los martes obtén 40% dto. en McDonalds,Beneficios Bancarios,Banco de Chile,Sin ubicación,
China Wok,Viernes 30% dto. en compras presenciales.,Beneficios Bancarios,Banco de Chile,Sin ubicación,
KFC,Jueves 30% dto. en compras presenciales.,Beneficios Bancarios,Banco de Chile,Sin ubicación,
Doggis,40% dto pidiendo por la App y 30% dto presencial los miércoles,Beneficios Bancarios,Banco de Chile,Sin ubicación,
Juan Maestro,40% dto pidiendo por la App y 30% dto presencial los miércoles,Beneficios Bancarios,Banco de Chile,Sin ubicación,
Dunkin’,30% dto. lunes y miércoles en compra presencial y online,Beneficios Bancarios,Banco de Chile,Sin ubicación,
Taringuita Mall Sport,40% dto. todos los martes de junio,Beneficios Bancarios,Banco de Chile,Sin ubicación,
PAD THAI,40% dto. todos los miércoles de junio,Beneficios Bancarios,Banco de Chile,Sin ubicación,
Verde Sazón,40% dto. todos los miércoles de junio,Beneficios Bancarios,Banco de Chile,Sin ubicación,
Vicenzo,40% dto. todos los jueves de junio,Beneficios Bancarios,Banco de Chile,Sin ubicación,
Casa Morera,40% dto. todos los jueves de junio,Beneficios Bancarios,Banco de Chile,Sin ubicación,
Ruca Bar,40% dto. todos los viernes de junio,Beneficios Bancarios,Banco de Chile,Sin ubicación,
Porfirio,40% dto. todos los domingos de junio,Beneficios Bancarios,Banco de Chile,Sin ubicación,
Car Broker Chile,Hasta 25% dto. en servicios presenciales,Beneficios Bancarios,Banco de Chile,Sin ubicación,
DR SMILE,20% dto. todos los días,Beneficios Bancarios,Banco de Chile,Sin ubicación,
CLICKEPP,20% dto. todos los días online y presencial,Beneficios Bancarios,Banco de Chile,Sin ubicación,
La Barra,Beneficios exclusivos todos los días,Beneficios Bancarios,Banco de Chile,Sin ubicación,
Burano,15% dto adicional. todos los días online y presencial.,Beneficios Bancarios,Banco de Chile,Sin ubicación,
BENETTON,20% dto. lunes a jueves en compra presencial,Beneficios Bancarios,Banco de Chile,Sin ubicación,
Ultimate Clothing,25% dto. adicional los días martes y jueves.,Beneficios Bancarios,Banco de Chile,Sin ubicación,
Copas y Cervezas,25% dto. en planes semestrales.,Beneficios Bancarios,Banco de Chile,Sin ubicación,
ASH,20% dto. todos los días presencial y online,Beneficios Bancarios,Banco de Chile,Sin ubicación,
L´Occitane,"20% dto. los miércoles, jueves y viernes en compra presencial",Beneficios Bancarios,Banco de Chile,Sin ubicación,
Bazhars Alfombras,10% dto. adicional en compra online y presencial todos los días,Beneficios Bancarios,Banco de Chile,Sin ubicación,
Revesderecho,20% dto. miércoles en compras online y presencial,Beneficios Bancarios,Banco de Chile,Sin ubicación,
Nevada Novias,15% dto. todos los días presencial,Beneficios Bancarios,Banco de Chile,Sin ubicación,
Clinica Everest,Paga en 7 a 24 cuotas sin interés.,Beneficios Bancarios,Banco de Chile,Sin ubicación,
Tika,30% dto. todos los días online,Beneficios Bancarios,Banco de Chile,Sin ubicación,
Al Pesto,20% dto. lunes a miércoles,Beneficios Bancarios,Banco de Chile,Sin ubicación,
Asia Skincare,20% dto. los miércoles presencial y online,Beneficios Bancarios,Banco de Chile,Sin ubicación,
Bellapiel,20% dto. lunes a jueves en servicios,Beneficios Bancarios,Banco de Chile,Sin ubicación,
Centro Odontológico Dr. Alvaro Peña Páez,Hasta 35% dto. todos los días,Beneficios Bancarios,Banco de Chile,Sin ubicación,
Aesthetic Place Dr. Roy Sothers,15% dto. todos los días,Beneficios Bancarios,Banco de Chile,Sin ubicación,
ONEDENT,sobre el arancel de ONEDENT,Beneficios Bancarios,Banco de Chile,Sin ubicación,
CARBEL COFFEE & PASTRY,20% dto. lunes a miércoles,Beneficios Bancarios,Banco de Chile,Sin ubicación,
Ma Griffe,20% dto. todos los días en compras online y presencial,Beneficios Bancarios,Banco de Chile,Sin ubicación,
LA PIZZARRA,lunes a miércoles,Beneficios Bancarios,Banco de Chile,Sin ubicación,
Farmex,Hasta 20% dto. en compra online todos los días,Beneficios Bancarios,Banco de Chile,Sin ubicación,
Local Burger,20% de dto. viernes a domingo,Beneficios Bancarios,Banco de Chile,Sin ubicación,
CLARO,Paga en 13 a 18 cuotas sin interés,Beneficios Bancarios,Banco de Chile,Sin ubicación,
Nuna Restaurante,15% dto. todos los días,Beneficios Bancarios,Banco de Chile,Sin ubicación,
PET FAMILY,Hasta 15% dto. todos los días,Beneficios Bancarios,Banco de Chile,Sin ubicación,
Trayecto Bookstore,20% dto. lunes y martes en compra presencial,Beneficios Bancarios,Banco de Chile,Sin ubicación,
Sushiban,25% dto. lunes a miércoles,Beneficios Bancarios,Banco de Chile,Sin ubicación,
ISTANWOOL,10% dto. adicional en compra presencial todos los días,Beneficios Bancarios,Banco de Chile,Sin ubicación,
Maria La Biyux,20% dto online,Beneficios Bancarios,Banco de Chile,Sin ubicación,
Dominga Dólares Premio,Consumo por $50.000,Beneficios Bancarios,Banco de Chile,Sin ubicación,
Cafetería Le Grand de La Fete Dólares Premio,Consumo por $30.000,Beneficios Bancarios,Banco de Chile,Sin ubicación,
Casa Morera Dólares Premio,Consumo por $50.000,Beneficios Bancarios,Banco de Chile,Sin ubicación,
CONEY JUMP + YUKIDS,35% dto. En los 40 minutos de juego todos los días,Beneficios Bancarios,Banco de Chile,Sin ubicación,
Tirua Bar Restorán,20% dto. martes,Beneficios Bancarios,Banco de Chile,Sin ubicación,
CEVICHAZO 102,"20% dto. lunes, viernes y sábado",Beneficios Bancarios,Banco de Chile,Sin ubicación,
Peluquería Francesa,20% dto. lunes a sábado,Beneficios Bancarios,Banco de Chile,Sin ubicación,
SABOR Y AROMA,20% dto. lunes a sábado,Beneficios Bancarios,Banco de Chile,Sin ubicación,
Infiltrados,"20% dto. martes, miércoles y sábados",Beneficios Bancarios,Banco de Chile,Sin ubicación,
La Biferia,20% dto. lunes a sábado,Beneficios Bancarios,Banco de Chile,Sin ubicación,
Clínica Versalles,Hasta 50% dto.,Beneficios Bancarios,Banco de Chile,Sin ubicación,
SUSHI THAI,20% dto. lunes,Beneficios Bancarios,Banco de Chile,Sin ubicación,
511 The Hemingway Room,20% dto. lunes y martes,Beneficios Bancarios,Banco de Chile,Sin ubicación,
Tropicalia,20% dto. todos los días,Beneficios Bancarios,Banco de Chile,Sin ubicación,
CONFITERIA LARBOS,"20% dto. lunes, martes y miércoles",Beneficios Bancarios,Banco de Chile,Sin ubicación,
Clínica Bast,20% dto. martes y miércoles presencial,Beneficios Bancarios,Banco de Chile,Sin ubicación,
Carolina Varela,Paga en 4 a 12 cuotas sin interés.,Beneficios Bancarios,Banco de Chile,Sin ubicación,
Caleta la Reina,25% dto. miércoles y jueves,Beneficios Bancarios,Banco de Chile,Sin ubicación,
NOLIA,20% dto. martes,Beneficios Bancarios,Banco de Chile,Sin ubicación,
BAR ENIGMA,20% dto. martes,Beneficios Bancarios,Banco de Chile,Sin ubicación,
Make Make,20% dto. lunes a jueves,Beneficios Bancarios,Banco de Chile,Sin ubicación,
CHIAROSCURO PANORAMICO,20% dto. lunes a miércoles,Beneficios Bancarios,Banco de Chile,Sin ubicación,
ZAIKA COMIDA INDIA,20% dto. los sábados,Beneficios Bancarios,Banco de Chile,Sin ubicación,
CASAGIARDINO,20% dto. martes a domingo,Beneficios Bancarios,Banco de Chile,Sin ubicación,
PAWER,Hasta 18% dto. en contratación de planes,Beneficios Bancarios,Banco de Chile,Sin ubicación,
El Ají Seco Maipú,20% dto. lunes a jueves,Beneficios Bancarios,Banco de Chile,Sin ubicación,
Kechua,20% dto. todos los días,Beneficios Bancarios,Banco de Chile,Sin ubicación,
VERDE SAZÓN,25% dto de lunes a sábado,Beneficios Bancarios,Banco de Chile,Sin ubicación,
SOCIEDAD O306,20% dto. los martes,Beneficios Bancarios,Banco de Chile,Sin ubicación,
Tigre Bravo,lunes a jueves,Beneficios Bancarios,Banco de Chile,Sin ubicación,
VistAndes,20% dto. lunes a domingo,Beneficios Bancarios,Banco de Chile,Sin ubicación,
AquaChile,20% dto los jueves online y presencial,Beneficios Bancarios,Banco de Chile,Sin ubicación,
Azaleia,"20% dto. los miércoles, jueves y viernes en compra online",Beneficios Bancarios,Banco de Chile,Sin ubicación,
ESTACIONAMIENTO AUTOPARK,20% dto todos los días online,Beneficios Bancarios,Banco de Chile,Sin ubicación,
Deysa Care,20% dto todos los días online,Beneficios Bancarios,Banco de Chile,Sin ubicación,
Tortas Amelia,20% dto todos los días online y presencial,Beneficios Bancarios,Banco de Chile,Sin ubicación,
Minata Clean Beauty,20% dto los martes online,Beneficios Bancarios,Banco de Chile,Sin ubicación,
Taco Bell,40% dto los jueves presencial,Beneficios Bancarios,Banco de Chile,Sin ubicación,
Nosu,20% dto. todos los días,Beneficios Bancarios,Banco de Chile,Sin ubicación,
TUA,20% dto. los miércoles en compra online,Beneficios Bancarios,Banco de Chile,Sin ubicación,
María Pompón,15% dto. adicional lunes y miércoles presencial y online,Beneficios Bancarios,Banco de Chile,Sin ubicación,
Dily,Hasta 30% dto todos los días online,Beneficios Bancarios,Banco de Chile,Sin ubicación,
AutoExpertos,25% dto todos los días online,Beneficios Bancarios,Banco de Chile,Sin ubicación,
ProwashGo,20% dto lunes a sábado online,Beneficios Bancarios,Banco de Chile,Sin ubicación,
icarcheck,20% dto todos los días online,Beneficios Bancarios,Banco de Chile,Sin ubicación,
GOOTA,20% dto. en alimentos probióticos,Beneficios Bancarios,Banco de Chile,Sin ubicación,
FCO Motor Services,25% dto. todos los días,Beneficios Bancarios,Banco de Chile,Sin ubicación,
Mercado Carozzi,Desde 20% dto. todos los días,Beneficios Bancarios,Banco de Chile,Sin ubicación,
Zenclinic dental,30% dto. todos los días,Beneficios Bancarios,Banco de Chile,Sin ubicación,
EVERLAST,30% dto. todos los lunes en compra presencial,Beneficios Bancarios,Banco de Chile,Sin ubicación,
Petrizzio,30% dto. jueves y viernes en petrizzio.cl,Beneficios Bancarios,Banco de Chile,Sin ubicación,
Ancares Café,20% dto. todos los días,Beneficios Bancarios,Banco de Chile,Sin ubicación,
3INA,20% dto. martes y miércoles,Beneficios Bancarios,Banco de Chile,Sin ubicación,
Cine Star,Canjea hasta el 100% con tus Dólares-Premio.,Beneficios Bancarios,Banco de Chile,Sin ubicación,
Eshopex,20% dto. en flete internacional.,Beneficios Bancarios,Banco de Chile,Sin ubicación,
Tanaka Vitacura Dólares Premio,Consumo por $50.000,Beneficios Bancarios,Banco de Chile,Sin ubicación,
All Play Kids Zone,20% dto. lunes a viernes de manera presencial,Beneficios Bancarios,Banco de Chile,Sin ubicación,
Laqu,20% dto. todos los días,Beneficios Bancarios,Banco de Chile,Sin ubicación,
CONSERBAR,20% dto. miércoles y sábado,Beneficios Bancarios,Banco de Chile,Sin ubicación,
Carl’s Jr.,20% dto. todos los miércoles,Beneficios Bancarios,Banco de Chile,Sin ubicación,
Fashion's Park,Hasta 25% dto. adicional en compra online y presencial.,Beneficios Bancarios,Banco de Chile,Sin ubicación,
Quiero Mi Masaje,20% dto. todos los días,Beneficios Bancarios,Banco de Chile,Sin ubicación,
Gaes,Paga en 13 a 24 cuotas sin interés.,Beneficios Bancarios,Banco de Chile,Sin ubicación,
HIFI,4 a 24 cuotas sin interes.,Beneficios Bancarios,Banco de Chile,Sin ubicación,
WOM,Paga en 13 a 24 cuotas sin interés,Beneficios Bancarios,Banco de Chile,Sin ubicación,
VTR,Paga en 13 a 18 cuotas sin interés todos tus equipos nuevos,Beneficios Bancarios,Banco de Chile,Sin ubicación,
Horwin,Paga en 13 a 24 cuotas sin interés.,Beneficios Bancarios,Banco de Chile,Sin ubicación,
CNO,Paga en 7 a 12 cuotas sin interés tus tratamientos odontológicos en clínicas pertenecientes a CNO,Beneficios Bancarios,Banco de Chile,Sin ubicación,
Be electric,Paga en 6 a 24 cuotas sin interés todos los días en productos.,Beneficios Bancarios,Banco de Chile,Sin ubicación,
Abastible,Paga en 13 a 24 cuotas sin interés,Beneficios Bancarios,Banco de Chile,Sin ubicación,
LA MURTA,20% dto. viernes a domingo,Beneficios Bancarios,Banco de Chile,Sin ubicación,
Burger vs Pizza,"20% dto. viernes, sábado y domingo",Beneficios Bancarios,Banco de Chile,Sin ubicación,
EMPIRICO,20% dto. los miércoles,Beneficios Bancarios,Banco de Chile,Sin ubicación,
SABOR X2,20% dto. lunes a jueves,Beneficios Bancarios,Banco de Chile,Sin ubicación,
Saki,20% de dto. martes y jueves,Beneficios Bancarios,Banco de Chile,Sin ubicación,
La Bonaerense,20% dcto. de lunes a jueves,Beneficios Bancarios,Banco de Chile,Sin ubicación,
HELADERIA LARRS,30% dto. los días lunes pagando con tus Tarjetas del Chile,Beneficios Bancarios,Banco de Chile,Sin ubicación,
Buffet Express,20% dto. Lunes a miércoles,Beneficios Bancarios,Banco de Chile,Sin ubicación,
SmellWell,20% dto. en compras online,Beneficios Bancarios,Banco de Chile,Sin ubicación,
Keds,"20% dto. los miércoles, jueves y viernes en compra online",Beneficios Bancarios,Banco de Chile,Sin ubicación,
Hush Puppies Kids,"20% dto. los miércoles, jueves y viernes en compra online",Beneficios Bancarios,Banco de Chile,Sin ubicación,
Mountain Hardwear,"20% dto. los miércoles, jueves y viernes en compra online",Beneficios Bancarios,Banco de Chile,Sin ubicación,
Bsoul,"20% dto. los miércoles, jueves y viernes en compra online",Beneficios Bancarios,Banco de Chile,Sin ubicación,
Billabong,"20% dto. los miércoles, jueves y viernes en compra online",Beneficios Bancarios,Banco de Chile,Sin ubicación,
BURTON,"20% dto. miércoles, jueves y viernes en compra online",Beneficios Bancarios,Banco de Chile,Sin ubicación,
Orquídea,25% dto. los días lunes en compras presenciales,Beneficios Bancarios,Banco de Chile,Sin ubicación,
ToGo,25% dto. Todos los días en compra online,Beneficios Bancarios,Banco de Chile,Sin ubicación,
Bigos,Todos los viernes,Beneficios Bancarios,Banco de Chile,Sin ubicación,
BUG ME,Todos los días en compra online.,Beneficios Bancarios,Banco de Chile,Sin ubicación,
Clínica Dental Santorini,50% dto. todos los días,Beneficios Bancarios,Banco de Chile,Sin ubicación,
Maison Niche,20% dto. todos los días,Beneficios Bancarios,Banco de Chile,Sin ubicación,
Jansport,"20% dcto. los miércoles, jueves y viernes en compra online",Beneficios Bancarios,Banco de Chile,Sin ubicación,
Calpany,"20% dcto. los miércoles, jueves y viernes en compra online",Beneficios Bancarios,Banco de Chile,Sin ubicación,
Element,"20% dcto. los miércoles, jueves y viernes en compra online",Beneficios Bancarios,Banco de Chile,Sin ubicación,
AKALI,Hasta 40% dto. todos los días,Beneficios Bancarios,Banco de Chile,Sin ubicación,
Koychi Korean Street Food,25% dto. todos los miércoles,Beneficios Bancarios,Banco de Chile,Sin ubicación,
Pizzeria Capri Dólares Premio,Consumo por $30.000,Beneficios Bancarios,Banco de Chile,Sin ubicación,
Capogrossi Dólares Premio,Consumo por $80.000,Beneficios Bancarios,Banco de Chile,Sin ubicación,
Restaurante Hotel Magnolia Dólares Premio,Consumo por $50.000,Beneficios Bancarios,Banco de Chile,Sin ubicación,
Áurea Dólares Premio,Consumo por $50.000,Beneficios Bancarios,Banco de Chile,Sin ubicación,
Majestic Dólares Premio,Consumo por $50.000,Beneficios Bancarios,Banco de Chile,Sin ubicación,
Tanaka La Dehesa Dólares Premio,Consumo por $80.000,Beneficios Bancarios,Banco de Chile,Sin ubicación,
La Cocina de Javier Dólares Premio,Consumo por $50.000,Beneficios Bancarios,Banco de Chile,Sin ubicación,
YMA Dólares Premio,Consumo por $50.000,Beneficios Bancarios,Banco de Chile,Sin ubicación,
Cocoa Dólares Premio,Consumo por $50.000,Beneficios Bancarios,Banco de Chile,Sin ubicación,
Zanzíbar Dólares Premio,Consumo por $50.000,Beneficios Bancarios,Banco de Chile,Sin ubicación,
Clínica Abedules,Paga en 4 a 12 cuotas sin interés.,Beneficios Bancarios,Banco de Chile,Sin ubicación,
Pitísimas,20% dto. todos los días en pitisimas.cl,Beneficios Bancarios,Banco de Chile,Sin ubicación,
CLÍNICA ESTÉTICA BIEN ÊTRE,"Hasta 20% dto en limpiezas faciales, masajes y tratamientos corporales.",Beneficios Bancarios,Banco de Chile,Sin ubicación,
Amandine Bistró Dólares Premio,Consumo por $80.000,Beneficios Bancarios,Banco de Chile,Sin ubicación,
Cafetería Espresso Dólares Premio,Consumo por $10.000,Beneficios Bancarios,Banco de Chile,Sin ubicación,
Ciudadano Dólares Premio,Consumo por $50.000,Beneficios Bancarios,Banco de Chile,Sin ubicación,
La Tabla Dólares Premio,Consumo por $40.000,Beneficios Bancarios,Banco de Chile,Sin ubicación,
BSoul,"20% dcto. miércoles, jueves y viernes en compra presencial",Beneficios Bancarios,Banco de Chile,Sin ubicación,
SURISTA,"20% dto. viernes, sábado y domingo",Beneficios Bancarios,Banco de Chile,Sin ubicación,
Sabores del Perú,"20% dto. lunes, martes y sábado",Beneficios Bancarios,Banco de Chile,Sin ubicación,
Favara,20% dto. todos los días,Beneficios Bancarios,Banco de Chile,Sin ubicación,
SELVADO,20% dto. Todos los días,Beneficios Bancarios,Banco de Chile,Sin ubicación,
GALPÓN ALONSO,20% dto. lunes a miércoles,Beneficios Bancarios,Banco de Chile,Sin ubicación,
YOYO TEA,20% dto. Todos los días en compra online,Beneficios Bancarios,Banco de Chile,Sin ubicación,
Tienda Friosur,"20% dto. todos los lunes, martes y miércoles",Beneficios Bancarios,Banco de Chile,Sin ubicación,
Geomar,20% dto. Todos los días,Beneficios Bancarios,Banco de Chile,Sin ubicación,
Viña Clos de Luz,30% dto. Todos los días en compra online y tours degustación,Beneficios Bancarios,Banco de Chile,Sin ubicación,
Europa Secreta,20% dto. Todos los días en compra online y presencial,Beneficios Bancarios,Banco de Chile,Sin ubicación,
BIGU,20% dto. Todos los días en compra online,Beneficios Bancarios,Banco de Chile,Sin ubicación,
Canasta Raíces Sanas,20% dto. en compras online,Beneficios Bancarios,Banco de Chile,Sin ubicación,
Alma Salud,Hasta 30% dto. Todos los días,Beneficios Bancarios,Banco de Chile,Sin ubicación,
Tendencias Gourmet,20% dto.,Beneficios Bancarios,Banco de Chile,Sin ubicación,
Lola Lash,Hasta 25% dto.,Beneficios Bancarios,Banco de Chile,Sin ubicación,
VIOLETA RESTAURANT,20% dto. martes y jueves,Beneficios Bancarios,Banco de Chile,Sin ubicación,
THAI EXPRESS,20% dto. lunes a miércoles,Beneficios Bancarios,Banco de Chile,Sin ubicación,
MALEVOLO PIZZA,20% dto. lunes a miércoles,Beneficios Bancarios,Banco de Chile,Sin ubicación,
Hacienda el Llano,20% dto. Martes y Miércoles,Beneficios Bancarios,Banco de Chile,Sin ubicación,
California Cantina,"20% dto. Lunes, martes y domingo",Beneficios Bancarios,Banco de Chile,Sin ubicación,
RUGENDAS,20% dto. Todos los días,Beneficios Bancarios,Banco de Chile,Sin ubicación,
MALDITO ARROZ,20% dto. lunes y martes,Beneficios Bancarios,Banco de Chile,Sin ubicación,
B BAR,20% dto. Viernes y sábado.,Beneficios Bancarios,Banco de Chile,Sin ubicación,
Castillo Hamburgo,20% dto. Martes y miércoles,Beneficios Bancarios,Banco de Chile,Sin ubicación,
Quercus,20% dto. los martes,Beneficios Bancarios,Banco de Chile,Sin ubicación,
Paladar Restobar,20% dto. martes y miércoles,Beneficios Bancarios,Banco de Chile,Sin ubicación,
Emporio San Marco,20% dto. los lunes en compra presencial,Beneficios Bancarios,Banco de Chile,Sin ubicación,
Olivia Trattoria,20% dto. lunes y viernes,Beneficios Bancarios,Banco de Chile,Sin ubicación,
Lomo de la Fuente,20% dto. lunes a jueves,Beneficios Bancarios,Banco de Chile,Sin ubicación,
Sabores del Ají Seco,"20% dto. Lunes, martes y sábado",Beneficios Bancarios,Banco de Chile,Sin ubicación,
Green Poke,20% dto. todos los días,Beneficios Bancarios,Banco de Chile,Sin ubicación,
Cinque Pizza Restaurant,25% dto. martes y miércoles,Beneficios Bancarios,Banco de Chile,Sin ubicación,
SENIOR SUITES,Hasta 15% dto. todos los días,Beneficios Bancarios,Banco de Chile,Sin ubicación,
Fondo de Cultura Económica,25% dto en compra presencial y online.,Beneficios Bancarios,Banco de Chile,Sin ubicación,
KEYPA,40% dcto. Todos los días en compra online.,Beneficios Bancarios,Banco de Chile,Sin ubicación,
CIRCUS BARBER SHOP,20% dto. lunes a miércoles,Beneficios Bancarios,Banco de Chile,Sin ubicación,
TRATUR,22% dcto. Todos los días en compra online,Beneficios Bancarios,Banco de Chile,Sin ubicación,
AC Odontología,50% de descuento.,Beneficios Bancarios,Banco de Chile,Sin ubicación,
Ciudad Vieja,20% dto. martes y miércoles,Beneficios Bancarios,Banco de Chile,Sin ubicación,
ZenClinic,Paga tu tratamiento odontológico en 4 a 12 cuotas sin interés.,Beneficios Bancarios,Banco de Chile,Sin ubicación,
Citadelle,20% dto. martes,Beneficios Bancarios,Banco de Chile,Sin ubicación,
First Security,60% dcto. todos los dias,Beneficios Bancarios,Banco de Chile,Sin ubicación,
YALE,20% dto. En toda la tienda.,Beneficios Bancarios,Banco de Chile,Sin ubicación,
Mattarello,20% dto. lunes y martes,Beneficios Bancarios,Banco de Chile,Sin ubicación,
Clínica Agua,Hasta 40% dto. En tratamientos presenciales todos los días,Beneficios Bancarios,Banco de Chile,Sin ubicación,
ALMAPIEL,20% dto. adicional todos los días en compra online y presencial.,Beneficios Bancarios,Banco de Chile,Sin ubicación,
Clínica Ortodoncia Antonella Sivori,Hasta 35% dto. En prestaciones seleccionadas,Beneficios Bancarios,Banco de Chile,Sin ubicación,
CLINICA NACE,15% dto. todos los días,Beneficios Bancarios,Banco de Chile,Sin ubicación,
Saint Patrick´s Day,15% dto. todos los lunes,Beneficios Bancarios,Banco de Chile,Sin ubicación,
Pollo Rey,20% dcto. en delivery de lunes a jueves.,Beneficios Bancarios,Banco de Chile,Sin ubicación,
BurgerBeef,20% dcto. en delivery de lunes a jueves.,Beneficios Bancarios,Banco de Chile,Sin ubicación,
Néctar Deco,20% dcto. Todos los días en compras presencial,Beneficios Bancarios,Banco de Chile,Sin ubicación,
Ocarrol Rent a Car,30% dto. En arriendos de vehículos,Beneficios Bancarios,Banco de Chile,Sin ubicación,
MUEBLES EL CIPRÉS,Hasta 20% dcto Todos los días,Beneficios Bancarios,Banco de Chile,Sin ubicación,
Velvet Bakery,20% dto. de lunes a jueves de 10:00 a 19:00 hrs,Beneficios Bancarios,Banco de Chile,Sin ubicación,
Smartdent,Hasta 60% dto. En prestaciones presenciales,Beneficios Bancarios,Banco de Chile,Sin ubicación,
CELIV,20% dcto los días martes.,Beneficios Bancarios,Banco de Chile,Sin ubicación,
ENGINTEL,20% dto en programas Let´s learn together,Beneficios Bancarios,Banco de Chile,Sin ubicación,
Viña Espaldares del Maipo,20% dto. En compras presenciales,Beneficios Bancarios,Banco de Chile,Sin ubicación,
Boga,20% dto. Lunes a viernes,Beneficios Bancarios,Banco de Chile,Sin ubicación,
Preu Filadd,20% dto. todos los días,Beneficios Bancarios,Banco de Chile,Sin ubicación,
La Pesca De Los Mekis,30% dto. lunes a miércoles,Beneficios Bancarios,Banco de Chile,Sin ubicación,
MY FAMILY PETS,Hasta 15% dto. todos los días,Beneficios Bancarios,Banco de Chile,Sin ubicación,
Preuniversitario Pedro de Valdivia,20% dto.,Beneficios Bancarios,Banco de Chile,Sin ubicación,
SANASALUD,Hasta 65% dcto. Todos los lunes y martes,Beneficios Bancarios,Banco de Chile,Sin ubicación,
Padel Mundo Sport,20% dto. Todos los días,Beneficios Bancarios,Banco de Chile,Sin ubicación,
Clínica CRL,Hasta 50% dcto.,Beneficios Bancarios,Banco de Chile,Sin ubicación,
Mantraa Unisex Salon & Spa,20% dcto. Lunes y Martes en todos los servicios,Beneficios Bancarios,Banco de Chile,Sin ubicación,
Varvacoa,Hasta 20% dcto. todos los días,Beneficios Bancarios,Banco de Chile,Sin ubicación,
CLINICA ESTÉTICA MI MANTRA,20% dto todos los días,Beneficios Bancarios,Banco de Chile,Sin ubicación,
Bar Medanoso,20% dto. Lunes a viernes,Beneficios Bancarios,Banco de Chile,Sin ubicación,
Restaurant Urbano 136,20% dto. sábado a lunes,Beneficios Bancarios,Banco de Chile,Sin ubicación,
DHouse,"20% dcto. miércoles, jueves y viernes en compra presencial",Beneficios Bancarios,Banco de Chile,Sin ubicación,
Caprese,20% dto. Lunes a viernes,Beneficios Bancarios,Banco de Chile,Sin ubicación,
Ambar Deco,20% dto. En compras presenciales de lunes a sábado,Beneficios Bancarios,Banco de Chile,Sin ubicación,
Mandala Food & Bar,20% dto. lunes a sábado de 17:00 a 22:00 Hrs,Beneficios Bancarios,Banco de Chile,Sin ubicación,
MARDELI,20% dto martes,Beneficios Bancarios,Banco de Chile,Sin ubicación,
La Casona del Ají,20% dto. lunes a jueves,Beneficios Bancarios,Banco de Chile,Sin ubicación,
Brookman,20% dto. de lunes a miércoles,Beneficios Bancarios,Banco de Chile,Sin ubicación,
Ceiba,20% dto. todos los jueves,Beneficios Bancarios,Banco de Chile,Sin ubicación,
Club de San Miguel,20% dto. lunes a miércoles,Beneficios Bancarios,Banco de Chile,Sin ubicación,
Funsport,"20% dcto. miércoles, jueves y viernes en compra presencial",Beneficios Bancarios,Banco de Chile,Sin ubicación,
ICA RESTAURANTE,20% dto. sábado y domingo,Beneficios Bancarios,Banco de Chile,Sin ubicación,
Taproom Tübinger,20% dto. los Jueves,Beneficios Bancarios,Banco de Chile,Sin ubicación,
QB Restaurant Bar,30% dto los sábados y domingo y 20% dto. lunes a viernes.,Beneficios Bancarios,Banco de Chile,Sin ubicación,
PF CHANGS,20% dto. de lunes a viernes,Beneficios Bancarios,Banco de Chile,Sin ubicación,
Pisco Bou Legado,Hasta 15% dto. Todos los días,Beneficios Bancarios,Banco de Chile,Sin ubicación,
Clínicas Odontologicas Everest,Hasta 64% dcto. Todos los días,Beneficios Bancarios,Banco de Chile,Sin ubicación,
Oasi di Bellezza,40% de descuento en depilación Láser Soprano Ice,Beneficios Bancarios,Banco de Chile,Sin ubicación,
Starbucks,30% dcto. todos los martes y miércoles,Club Entel,Entel,Sin ubicación,
Castaño,Aprovecha las promociones desde $2.800 todos los días,Club Entel,Entel,Sin ubicación,
Wild Foods,Dctos. online en productos seleccionados,Club Entel,Entel,Sin ubicación,
Papa Johns,25% de dcto. en el total de tu boleta,Club Entel,Entel,Sin ubicación,
Farmacia Fracción,10% dcto. Compras online en bioequivalentes.,Club Entel,Entel,Sin ubicación,
Natura,30% OFF adicional los viernes,Club Entel,Entel,Sin ubicación,
Farmacia Ahumada,Descuentos en compras presenciales.,Club Entel,Entel,Sin ubicación,
Beauty Plus,30% dcto. en todas las compras online.,Club Entel,Entel,Sin ubicación,
Late,Dctos. en productos y recargas de botellones,Club Entel,Entel,Sin ubicación,
miCoca-Cola.cl,"25% de dcto. en el total de tu boleta, al comprar online",Club Entel,Entel,Sin ubicación,
Klean Kanteen,Hasta 30% dcto. en limitesur.cl y tiendas físicas,Club Entel,Entel,Sin ubicación,
Belsport,20% de Dcto. en Belsport,Club Entel,Entel,Sin ubicación,
Kylie Minogue,Kylie Minogue - Movistar Arena \n12 de agosto 2025,Club Entel,Entel,Sin ubicación,
Chayanne,"Chayanne - Movistar Arena \n 20, 21 y 23 de agosto 2025",Club Entel,Entel,Sin ubicación,
Katy Perry,Estadio Bicentenario de la Florida. \n 6 de septiembre 2025,Club Entel,Entel,Sin ubicación,
Hozier,Movistar Arena \n 24 de mayo de 2025,Club Entel,Entel,Sin ubicación,
Entrelagos,15% de dcto. en compras realizadas de manera online,Club Entel,Entel,Sin ubicación,
Corrales del Sur,15% dcto. embutidos y línea hogar todos los lunes.,Club Entel,Entel,Sin ubicación,
Mamut,20% OFF en toda la carta de Restaurant Mamut,Club Entel,Entel,Sin ubicación,
Green Lab,15% dcto de sábado a miércoles en toda la carta,Club Entel,Entel,Sin ubicación,
Local Burger,25% de dcto. de Domingo a Martes.,Club Entel,Entel,Sin ubicación,
Do Sushi,25% de dcto. de Domingo a Martes.,Club Entel,Entel,Sin ubicación,
Tommy Beans,30% Descuento en todo el menú de lunes a jueves,Club Entel,Entel,Sin ubicación,
Juan Maestro,30% Descuento en todo el menú de lunes a jueves,Club Entel,Entel,Sin ubicación,
Rappi,90% dcto en envíos por 3 meses,Club Entel,Entel,Sin ubicación,
Franchute,20% dcto en la barra los martes y miércoles,Club Entel,Entel,Sin ubicación,
Restaurante Olivia,15% Dcto.Restaurante Olivia en toda la carta,Club Entel,Entel,Sin ubicación,
Bar el callejón,20% Dcto. de domingo a miércoles,Club Entel,Entel,Sin ubicación,
Just Burger,"30% en Just Burger Lunes, Martes, Jueves y Domingo",Club Entel,Entel,Sin ubicación,
Hola Ola,20% dcto. en cafetería,Club Entel,Entel,Sin ubicación,
Doggis,30% dcto en todo el menú de lunes a jueves,Club Entel,Entel,Sin ubicación,
Escuela de Surf Maintencillo,Dcto. en clases y arriendo de equipo,Club Entel,Entel,Sin ubicación,
Easycancha,3 meses de prueba gratis con suscripción PRIME,Club Entel,Entel,Sin ubicación,
Parques Outlife,Dctos. en Parques RKF El Durazno y Outlife Chamisero,Club Entel,Entel,Sin ubicación,
The Body Shop,15% Dcto. en productos The Body Shop,Club Entel,Entel,Sin ubicación,
Glam & Co,20% de descuento de lunes a jueves en salones.,Club Entel,Entel,Sin ubicación,
Ibis,15% Dcto.en IBIS Concepción,Club Entel,Entel,Sin ubicación,
Ópticas Schilling,20% dcto. en lentes ópticos y sol,Club Entel,Entel,Sin ubicación,
Assist Card,10% dcto. adicional sobre la tarifa vigente,Club Entel,Entel,Sin ubicación,
Taller F,20% dcto. personaliza y renueva tu closet,Club Entel,Entel,Sin ubicación,
Bamers,20% de dcto. en web y tienda,Club Entel,Entel,Sin ubicación,
Oakley,20% dcto. en web y tienda.,Club Entel,Entel,Sin ubicación,
Super Zoo,Hasta 20% Dcto. en Tienda Online,Club Entel,Entel,Sin ubicación,
Ripley,"Hasta 30% en vestuario hombre, mujer, infantil.",Club Entel,Entel,Sin ubicación,
Marathon,10% dcto. adicional los martes,Club Entel,Entel,Sin ubicación,
Parque Aventura,20% dcto. en entradas a Parque Aventura,Club Entel,Entel,Sin ubicación,
Aventura Kids,20% Dcto. En aventura Kids,Club Entel,Entel,Sin ubicación,
Kidzania,20% dcto. en entradas,Club Entel,Entel,Sin ubicación,
Cinemark,Dctos. especiales en entradas y confitería,Club Entel,Entel,Sin ubicación,
Roda,15% dcto. en www.roda.cl,Club Entel,Entel,Sin ubicación,
Mut,Disfruta de los descuentos de BICIHUB MUT,Club Entel,Entel,Sin ubicación,
eClass,40% dcto. en diplomados eClass Academy,Club Entel,Entel,Sin ubicación,
Karün,25% dcto. en anteojos de sol,Club Entel,Entel,Sin ubicación,
Freemet,Descuentos exclusivos en compras online,Club Entel,Entel,Sin ubicación,
Copec Voltex,10% dcto. en servicio de cargador,Club Entel,Entel,Sin ubicación,
Ecocitex,25% en el total de la compra,Club Entel,Entel,Sin ubicación,
Chiletur Copec,15% dcto. en productos disponibles en chile.tur.com,Club Entel,Entel,Sin ubicación,
FlixBus,20% de dcto. en la compra de pasajes,Club Entel,Entel,Sin ubicación,
Turbus,15% Dcto. En compras online,Club Entel,Entel,Sin ubicación,
Cabify,4 viajes por mes por usuario con 15% dcto. tope $2.000,Club Entel,Entel,Sin ubicación,
Euro Rent a Car,30% dcto en arriendo de cualquier vehículo,Club Entel,Entel,Sin ubicación,
Cóndor Bus,15% dcto. En compras online www.condorbus.cl,Club Entel,Entel,Sin ubicación,
Linkin Park,"Estadio Nacional \n 2 de noviembre, 2025",Club Entel,Entel,Sin ubicación,
Rauw Alejandro,"Movistar Arena \n 14 octubre, 2025",Club Entel,Entel,Sin ubicación,
Sundeck - Bob Moses,"Espacio Riesco,Gran Salón \n 13 de Junio",Club Entel,Entel,Sin ubicación,
Green Day,"Parque Estadio Nacional \n 30 agosto, 2025",Club Entel,Entel,Sin ubicación,
Sundeck - The Grid,"Espacio Riesco�\n 30 agosto, 2025",Club Entel,Entel,Sin ubicación,
AkiKB,25% dcto. en arriendo de MINIBODEGAS por 3 meses.,Club Entel,Entel,Sin ubicación,
Blue Express Copec,20% dcto. En envíos prepagos.,Club Entel,Entel,Sin ubicación,